RecordId,Probability(yes),PredictedLabel
2384,0.04499816254888028,0
1019,0.2331036229934681,1
1778,0.17356955804808755,1
772,0.2152261854500095,1
3212,0.02467262392081375,0
3049,0.2733246924573903,1
3542,0.007475274098482019,0
236,0.06338792557626795,0
1865,0.11548973208458271,1
1676,0.06739418979446656,0
3612,0.21290235707055058,1
544,0.07544740067909526,0
1947,0.11876943560925826,1
1968,0.06060786483745202,0
2022,0.4101022953543884,1
386,0.03600334371631306,0
4225,0.09993711784011383,1
2455,0.03540162113966734,0
1720,0.011350929193025003,0
2033,0.2703646481744756,1
4182,0.026158572000543494,0
2056,0.0640771100617359,0
3162,0.08129819242585898,0
1295,0.0670784789980559,0
3441,0.008104712290483363,0
3866,0.023292963736972067,0
3565,0.009453902749993196,0
3325,0.030957821448374855,0
3345,0.02628423265387912,0
3522,0.026198928443761708,0
709,0.008234151562104747,0
2435,0.055960372019243594,0
209,0.03472973725105189,0
2226,0.037606010615327944,0
4228,0.006609654863463166,0
2490,0.0598513029954333,0
2113,0.04849881342123568,0
106,0.009872970566853038,0
927,0.026356619202600913,0
3355,0.006688841589835285,0
51,0.9824797428969304,1
216,0.04185727467873049,0
281,0.028956319615246452,0
1927,0.07723376440887203,0
2143,0.2224741156233401,1
318,0.1287802046621796,1
733,0.03581517102041026,0
3256,0.7619266186131999,1
2958,0.0073093262735994735,0
1733,0.07366494653712992,0
1224,0.029914516924388207,0
1153,0.052973201034558194,0
1903,0.9915640536406634,1
4170,0.030274674669744546,0
3718,0.02659521228444208,0
2836,0.011297230526998556,0
3374,0.12170996630499611,1
3894,0.07345083343718807,0
415,0.9032848959036534,1
2418,0.06924774572668413,0
1264,0.045210657232569264,0
2330,0.044329533403909174,0
2256,0.19639050648860726,1
2091,0.01466067939662373,0
2062,0.04646991448897488,0
3904,0.01277436249402,0
3700,0.38959241439312603,1
1789,0.006580731840437664,0
1659,0.027123179989051394,0
2067,0.09590993262275531,0
3073,0.22067381420863977,1
3324,0.029241509804295157,0
2530,0.0762898704963265,0
2489,0.02366206961650346,0
4107,0.06808328834332529,0
3772,0.0855441082410071,0
4176,0.1022755305272047,1
157,0.02577118522272358,0
3645,0.03464451962554332,0
2422,0.033536959178113605,0
563,0.019269958280106917,0
4399,0.019401760370199243,0
1536,0.055768329845970556,0
3463,0.8341561342329618,1
4267,0.014862009609226201,0
4230,0.01853063549884442,0
1842,0.2015183423804252,1
1319,0.6706695656030848,1
4016,0.004887386831372341,0
3457,0.010357309006097735,0
1299,0.015177745262102946,0
1510,0.12255400086445263,1
3350,0.06453445154193498,0
793,0.043438005103515205,0
179,0.03093412398946804,0
1736,0.5818538799724439,1
2147,0.13943653863324032,1
4104,0.025865199581721288,0
232,0.04279076011589001,0
4068,0.403808491879903,1
1922,0.025084044020795747,0
725,0.1548503200051213,1
4015,0.00908139453385548,0
1955,0.006969006415209484,0
826,0.026225524182535796,0
589,0.09345871646916275,0
3699,0.02865766046091966,0
1358,0.10843612317953197,1
1100,0.11741184709973812,1
3734,0.8773926715854523,1
3783,0.06004665554518789,0
940,0.06950949098059316,0
3792,0.016779417994884003,0
2699,0.25122557587730704,1
994,0.01917443603241055,0
3930,0.6171430218542728,1
145,0.18806351887408576,1
231,0.033361056966501434,0
1308,0.026418019886670665,0
3077,0.02301446223726583,0
1764,0.13273747292389523,1
4334,0.03937687257794037,0
2356,0.006068204639531703,0
1440,0.9707242251083791,1
1220,0.11142600163185185,1
1901,0.04531887033590343,0
4490,0.01860545775106714,0
660,0.08611698031369415,0
3360,0.7771565839677909,1
900,0.05770382540724709,0
4032,0.1570962407060443,1
4179,0.01429193773444579,0
3456,0.10941718438648192,1
4044,0.006911766235292107,0
2238,0.038945626624260044,0
1302,0.06618617139134263,0
1967,0.013359596704708905,0
649,0.023679567205369543,0
1669,0.7447620820674283,1
4310,0.05045239134992671,0
2345,0.02127659642875196,0
4319,0.5497224497822165,1
2488,0.011231391319902216,0
3892,0.013052956072551225,0
3891,0.06862714098902081,0
4172,0.009933769149685497,0
265,0.008475594272070229,0
1376,0.04124589863524461,0
41,0.1114508795399736,1
973,0.013299620235241833,0
4113,0.04058093883615006,0
434,0.021595797873485038,0
456,0.2828308320375142,1
3200,0.02068392358237166,0
1746,0.09398646547754208,0
1401,0.01041782443284052,0
2952,0.005792160982960648,0
699,0.03905478353111855,0
1529,0.2791032178372895,1
3448,0.15035498856108093,1
2360,0.0382698787562214,0
1925,0.011845376850362875,0
961,0.07087927401948312,0
1321,0.06337735437866149,0
1662,0.005168045985970421,0
1070,0.021174117217054096,0
3437,0.08530183844463894,0
4088,0.01477332781399528,0
498,0.07558229608231096,0
3215,0.05990404263909866,0
640,0.01755523490686976,0
737,0.20910868751470588,1
4157,0.1377403246335812,1
3366,0.051207534553497774,0
3551,0.010152181667290507,0
2875,0.9852914805204971,1
2021,0.019737613995630943,0
779,0.021069972508578935,0
3966,0.14128492788238226,1
868,0.06867411650416058,0
1050,0.030487469907238385,0
2829,0.010621655378271958,0
846,0.045165492645034104,0
1632,0.04139425054412473,0
2892,0.006396482508629334,0
662,0.11064989956296817,1
1268,0.03890070917077704,0
3912,0.016212678675895494,0
1278,0.09997956270538562,1
4296,0.392720404792803,1
2826,0.5852765843020967,1
3466,0.07152398816885794,0
2442,0.011056698698926478,0
615,0.013947737777238182,0
2802,0.002654900301005819,0
3736,0.023238725721281002,0
979,0.07174586649622249,0
2340,0.19247010605095616,1
4498,0.08177533456734484,0
3094,0.514005027724878,1
2902,0.6079129846830895,1
741,0.238062427785668,1
4414,0.03589525617258528,0
1316,0.03993953017690548,0
3298,0.35298174539508786,1
2269,0.027814064733549696,0
3677,0.004006431083746688,0
2676,0.08054689116050043,0
800,0.5417936165621756,1
4345,0.071720482186922,0
3141,0.9815244640827601,1
1995,0.04603067502452096,0
388,0.035506691581861004,0
573,0.08633515724358441,0
1099,0.15303104372760257,1
2822,0.09801312712439433,0
3722,0.015000886136695419,0
273,0.08150515987468626,0
2401,0.02755833960524445,0
4069,0.02807976478916388,0
75,0.11381068620379879,1
3467,0.2250576309411252,1
471,0.011531006677383783,0
537,0.051124847251043846,0
427,0.007463853440276257,0
3129,0.025452138432666672,0
1273,0.02334315310203817,0
3798,0.0998755934657278,0
713,0.2195064621278059,1
1177,0.1958041874391034,1
929,0.027297730793576454,0
2861,0.05935977266108801,0
1474,0.12243420805617213,1
3175,0.16426431142195685,1
4340,0.2027920811723656,1
3862,0.02470459239720027,0
1791,0.006995900126330298,0
1937,0.017200023401104457,0
758,0.003532093425486952,0
424,0.015315221946706098,0
4323,0.9436074130655758,1
3706,0.0033163630032143083,0
2528,0.004059722281841605,0
3512,0.0985046096542752,0
4452,0.047056197483632906,0
4299,0.012231897678816595,0
2165,0.04772322891853499,0
3387,0.0344126429027558,0
3220,0.016325338218508602,0
1692,0.046897727856006016,0
428,0.004962429356137907,0
2517,0.005628094084598116,0
3471,0.011828179949289263,0
1386,0.15251225056171502,1
4093,0.875125843395672,1
2869,0.030178358093421124,0
1993,0.07162197461755221,0
2267,0.010260237697494897,0
636,0.016941770439536936,0
4165,0.1842494514702924,1
4397,0.00506759006934059,0
3150,0.04953795610384746,0
2102,0.012658877184273635,0
1784,0.0015287485612188742,0
4483,0.10958208264641556,1
3656,0.18032631358141343,1
1728,0.004857403260869858,0
4286,0.08948019036737126,0
11,0.05413592275201713,0
1140,0.009087972116926378,0
1627,0.003202260341158743,0
4060,0.07244108244376375,0
2300,0.04184843645045746,0
4289,0.008028734983432947,0
657,0.7834560347230174,1
4216,0.8520396164307686,1
3402,0.08459288653519412,0
2369,0.015437884553118621,0
1154,0.031377216711170816,0
1017,0.1048229189100012,1
3655,0.12853917689331748,1
2626,0.006403167396000852,0
3574,0.047797306543632914,0
326,0.01391333789250735,0
1337,0.3047775573611193,1
559,0.09364817578280676,0
2669,0.025279388897977702,0
740,0.09061676483459223,0
2311,0.010982942650137157,0
1416,0.0073689121587668495,0
2162,0.0988931794225676,0
277,0.12172598766574697,1
2032,0.15474290412458072,1
1699,0.010810544834046977,0
1322,0.041106889193286054,0
2252,0.03105378953260461,0
3757,0.03207258951553877,0
3411,0.09427112613610425,0
1483,0.021719150694878637,0
2210,0.017193102627950974,0
3239,0.04759783079030873,0
4239,0.08748619871916116,0
875,0.18443572126216215,1
1490,0.05206561940784223,0
2823,0.43974742313071463,1
45,0.01734601717463343,0
4367,0.0553287717146986,0
3538,0.3116666802296901,1
4499,0.08192908262036414,0
1847,0.044121051278474745,0
3278,0.044765495506529786,0
1626,0.007014566393713436,0
2250,0.0613904741518008,0
4411,0.005743042063777569,0
2867,0.0639723929590286,0
3485,0.01400259870784783,0
3089,0.03356999296413746,0
2576,0.035884347642935875,0
2212,0.2729193881904871,1
2192,0.010454924963522804,0
2942,0.0060763073545271,0
3251,0.13443514828988237,1
3935,0.2686771634573272,1
774,0.0012385429685671928,0
861,0.06704978489996259,0
3005,0.6171039995505804,1
2766,0.0915993939025821,0
1996,0.04853694905962538,0
587,0.007652832787521325,0
1722,0.4095029119481906,1
139,0.016172670120134104,0
1799,0.029501542826615334,0
985,0.027958109838955504,0
3136,0.004161104601912287,0
97,0.38928373351696854,1
2963,0.40169689391780655,1
689,0.007944916232603903,0
4501,0.03558627371829102,0
1307,0.013427661741981485,0
2087,0.08856199451056776,0
2548,0.004967012463446323,0
958,0.019177750567238548,0
448,0.04730553777779641,0
4264,0.012412989673593717,0
834,0.03975943591131024,0
894,0.019343556794936434,0
1568,0.019662124507677865,0
3160,0.47229990873334377,1
2575,0.009898427530475646,0
3754,0.6928095541633897,1
2564,0.018633239480388676,0
2550,0.010029981896477495,0
1105,0.03637708932692132,0
1594,0.060965928221583976,0
3550,0.007118351681891586,0
1852,0.014085411427059684,0
2962,0.381658843980337,1
919,0.007607143727004005,0
2483,0.02210690866912722,0
3398,0.09893434630043836,0
300,0.34808055196060866,1
3880,0.053175085537759854,0
4043,0.0814562534452748,0
2524,0.023214044445893645,0
2271,0.08905106526111546,0
2103,0.1123294818524163,1
453,0.03723528782873741,0
2631,0.07414869048710918,0
1601,0.0501277319497639,0
959,0.5889500590726635,1
3098,0.010596829906337937,0
266,0.032935422735192205,0
3116,0.034095569093488966,0
543,0.00481468401639844,0
3861,0.23365891463948432,1
1109,0.07430064130209446,0
3010,0.01111142162448774,0
4073,0.005296753432969998,0
1291,0.02076082896043012,0
1200,0.006231952743310956,0
3149,0.003447824295876196,0
1148,0.16421672005088866,1
3750,0.12396235156131923,1
2817,0.006338185621407924,0
1145,0.017176481602080133,0
575,0.11290585010522303,1
191,0.06775237425297542,0
3244,0.10854787439429288,1
2751,0.44040049757958627,1
3193,0.2297073106546619,1
285,0.03056437623808769,0
621,0.05850738339971798,0
2380,0.3659891403471052,1
3163,0.1389490611174942,1
2106,0.472599617856767,1
2768,0.012604396240120014,0
4400,0.11603167448005718,1
1082,0.03573462788489373,0
4259,0.03877056292033673,0
1828,0.009066588166268685,0
3923,0.07344989636156195,0
2042,0.01578209709880935,0
1906,0.02985630175130181,0
1055,0.1545187616819558,1
661,0.4366608749174774,1
3236,0.07712330751319502,0
1434,0.5788090671872586,1
4398,0.20684416822529092,1
2227,0.12787397115010937,1
3924,0.01597243887130573,0
1081,0.06197807791428336,0
1693,0.06368359078002513,0
1370,0.02964662928163136,0
2254,0.05293760744131928,0
1471,0.1255294014223203,1
2583,0.3120908661689658,1
3834,0.030799631194457007,0
1174,0.01231382231547513,0
47,0.014121758470053158,0
1795,0.013892750172049098,0
3594,0.007492509237792768,0
108,0.07715061684741163,0
2343,0.04938689264860438,0
2880,0.08445165245005579,0
1864,0.497405916903936,1
1548,0.07531262955496891,0
4432,0.010288924545309264,0
4084,0.001454575219248222,0
2193,0.029376364789253675,0
3225,0.0019467614679042377,0
3490,0.23834153285849533,1
3349,0.36239862783733356,1
1454,0.6759748551038378,1
3282,0.03120009425882919,0
3875,0.006640145287853101,0
2120,0.20053509331490013,1
3803,0.13245476646789459,1
168,0.01367413362879047,0
3822,0.003986570789474953,0
3083,0.06114463768446948,0
2036,0.03847780349802711,0
3034,0.011316174370156255,0
570,0.014264047279738274,0
2905,0.04686148146160417,0
4435,0.14466272051119336,1
2917,0.6001532227222215,1
3788,0.034405060236246766,0
4407,0.5021028363913027,1
79,0.033753951026964865,0
990,0.088935969668717,0
1352,0.07284232933145884,0
3761,0.02205751369928629,0
4101,0.32440365230223517,1
932,0.040057814556132006,0
3207,0.0816659825098146,0
2151,0.07006779073714255,0
641,0.08575091810438233,0
4408,0.004503149833612023,0
287,0.007358067075241078,0
478,0.011271431510609603,0
246,0.019103291525650105,0
2467,0.07485999071827037,0
1920,0.023876407172753054,0
702,0.9430607516636462,1
1312,0.7335716837998861,1
3729,0.0363103418977986,0
556,0.018908410069749602,0
1126,0.6902872430540594,1
3691,0.21311015258685576,1
2065,0.059219753624531385,0
880,0.8770061274113166,1
1445,0.24493044089015184,1
3629,0.029053111053420542,0
4005,0.01847419468791916,0
4514,0.022040603834212268,0
1323,0.010264291242870488,0
4100,0.04973884667611805,0
2604,0.4074862699143636,1
3953,0.09128162144913946,0
3265,0.058149354156013154,0
1881,0.01956074800640508,0
727,0.0858634850010302,0
3628,0.015473510259888041,0
1236,0.04700748394501935,0
4393,0.011773028547697472,0
2811,0.040691163886735854,0
869,0.006939421981253814,0
302,0.1274209519286136,1
3104,0.06411421962080217,0
4285,0.03596041384140354,0
3147,0.021881456446842362,0
2185,0.04373035072522906,0
433,0.0322180266025967,0
2027,0.002300364421375366,0
328,0.9929353371131451,1
3478,0.010453961871876931,0
1095,0.042463303483581814,0
3786,0.3422167016273257,1
3033,0.1744125603733174,1
614,0.08205960536623248,0
2695,0.05530904748741516,0
1527,0.02543835260265962,0
898,0.021685435877426853,0
764,0.06324905684441921,0
1121,0.0190806651714216,0
4047,0.13212735649286228,1
3940,0.38045883028377214,1
3632,0.06180412517377826,0
1165,0.021820419736512046,0
3988,0.014250262852274386,0
2888,0.03430971314059145,0
89,0.006913380738626859,0
1585,0.061665412877178305,0
2593,0.013924154176139748,0
306,0.4456601230363164,1
3876,0.03245239269746874,0
2752,0.0246004944592446,0
3172,0.07942744039850926,0
1155,0.14187367474021773,1
1192,0.3740205554804231,1
2821,0.18166320386772772,1
809,0.15638378904728772,1
3373,0.18758971823419343,1
1185,0.06575639310866699,0
1103,0.014497573370176722,0
3582,0.012053835309956521,0
1935,0.0591752819105904,0
3303,0.08527001125297581,0
4422,0.20483537876599392,1
613,0.14294169727477038,1
843,0.039818855104311414,0
2980,0.6156581749570509,1
3854,0.046385833909939334,0
969,0.051253761010232525,0
1011,0.015155305403501514,0
943,0.016380404389676275,0
944,0.10505859216664155,1
3607,0.20134386906353482,1
2957,0.021211277419511555,0
105,0.18670915985244876,1
677,0.018103145866457827,0
297,0.26743406394400054,1
3201,0.15624165122051886,1
3911,0.010161759366667205,0
1285,0.050924471402252064,0
1455,0.03809639244619862,0
1879,0.014518118110048533,0
1340,0.08584365376730038,0
3896,0.48443289826619823,1
4380,0.07413990259203908,0
821,0.11803205677244459,1
1850,0.05173354231482163,0
2407,0.006539050119239111,0
2762,0.06337993072866356,0
1550,0.05877572635414285,0
3716,0.18061211779148054,1
3723,0.04192477408272921,0
3770,0.0696086355569519,0
1225,0.02142337951683819,0
4479,0.051478170942969005,0
1630,0.05749919803416277,0
2025,0.19042183741169497,1
1208,0.016719174984575393,0
1843,0.07371912002685181,0
1731,0.08897519155872778,0
582,0.01559509126460985,0
1,0.016206201180289034,0
682,0.006285864680640675,0
719,0.006323057504479799,0
4208,0.023042379573860797,0
2050,0.02267605958847858,0
3495,0.04492790843510935,0
2444,0.07346274146198312,0
2506,0.06984957219285276,0
447,0.17480933045686303,1
4012,0.047551354033038125,0
1083,0.4155326859585316,1
3067,0.01930740888543229,0
3743,0.5484844975867513,1
3091,0.6981664388501239,1
3732,0.01166015419415706,0
2848,0.17286506321626685,1
4482,0.04783266263018977,0
3335,0.006350866888916568,0
3046,0.005128753581447059,0
1994,0.2153017162672534,1
2889,0.5760444883584398,1
4304,0.006777598306732185,0
1422,0.08589644530417422,0
408,0.025243942744570595,0
479,0.005510662698612414,0
290,0.10835848888316775,1
178,0.016822830130994015,0
1611,0.6558830584225922,1
1858,0.005737229912129342,0
4511,0.4145929351676036,1
534,0.04911007552484148,0
934,0.4819215858510572,1
2424,0.07337712983482828,0
3929,0.07351233949556032,0
4268,0.12892067443456312,1
1009,0.016332822303640835,0
49,0.351451425935415,1
3035,0.07045674284495354,0
790,0.14181218891542618,1
1414,0.012913339279329692,0
2750,0.24210411347328134,1
2423,0.11508800478100649,1
3470,0.006368621333006571,0
3579,0.12004086045146323,1
2073,0.5913163330785679,1
2742,0.047516786514169726,0
775,0.06604193619645124,0
3080,0.22129720188692353,1
918,0.05113241906545912,0
1041,0.03583816714183961,0
3143,0.010011029076695597,0
1546,0.013954196884131905,0
3552,0.13498760526021206,1
4391,0.031714998832972345,0
3426,0.08271309188011569,0
1327,0.015641242810508937,0
1473,0.04457632742013707,0
3860,0.020509686712065548,0
992,0.0034295843610469773,0
1239,0.013127021780319922,0
4383,0.0732053002838766,0
1730,0.04516313808500968,0
255,0.0028552994209184936,0
1813,0.06872942059281582,0
462,0.040016569914510455,0
2833,0.07744736450627522,0
4171,0.15116793308639037,1
1933,0.009630826704665894,0
3313,0.0625559465507078,0
3425,0.3017958316632445,1
1805,0.21632687692731858,1
2320,0.0033882928146011706,0
3835,0.5550446964592481,1
2954,0.04951375314146641,0
2887,0.2064900265838116,1
3685,0.054566382015205465,0
1127,0.05611032842013366,0
42,0.04957191259335539,0
2375,0.9420235249770339,1
721,0.10512348806889739,1
3368,0.04586859667033978,0
3591,0.013946453928712197,0
2426,0.027617093948939575,0
1668,0.09641730800667872,0
3434,0.046146592804008485,0
1718,0.00907556467959252,0
2136,0.01761734205486721,0
3616,0.06152294673881246,0
3279,0.008238518272693495,0
4508,0.014022053619470095,0
596,0.02554103381439162,0
1908,0.00359371739498346,0
4317,0.08012959299183262,0
4164,0.002986361665087251,0
1477,0.015629640960611025,0
3702,0.07998741859719483,0
4244,0.033532730552829876,0
726,0.06361137799340498,0
4487,0.1101097062054096,1
1466,0.015409108557817727,0
3088,0.5504182941359087,1
2704,0.062428217120326944,0
743,0.45227996365608664,1
2981,0.021903232058812557,0
410,0.061454586167250476,0
1658,0.04764201597419175,0
1375,0.02482746482099384,0
3059,0.0185386648291559,0
339,0.04762900073008602,0
1882,0.13661530701137087,1
3140,0.015729237729527574,0
3780,0.1442371592469775,1
3903,0.0038339139301470696,0
4117,0.12447642508791455,1
860,0.03361383500779072,0
2809,0.08870070432463692,0
3330,0.012490170419585188,0
4219,0.03538372105424723,0
584,0.018692631337151395,0
2935,0.010645299772016212,0
1201,0.13369217337721817,1
1554,0.011898204437150797,0
4263,0.4650794188330384,1
899,0.006702580187038914,0
2314,0.03519487674119944,0
3289,0.06870265769386964,0
756,0.05410609107343014,0
4000,0.05283181812267522,0
3560,0.008823683251520545,0
3399,0.010604354689753764,0
452,0.004372616298566772,0
2296,0.17278900644655895,1
1593,0.040738102153287124,0
1507,0.19736625290956603,1
3584,0.03486618666167194,0
3093,0.01534595591976152,0
2599,0.058895123067029286,0
2323,0.05662364083459005,0
4415,0.010750497401252836,0
3183,0.007409000748546147,0
3243,0.8841929251360827,1
2561,0.02871302033909898,0
4152,0.21381870509789422,1
2627,0.014241542942722712,0
1926,0.16572089420128008,1
1373,0.018682570803608568,0
3505,0.006808854471663023,0
3186,0.018138124841652642,0
865,0.13803138754053448,1
1512,0.10625509042828939,1
3990,0.08152706621482925,0
4251,0.0779452469433341,0
1219,0.024539449730337618,0
1836,0.022151283297164998,0
2749,0.09894080147054227,0
3146,0.028649003176566417,0
2812,0.08308112987128435,0
2844,0.003705564756826804,0
3107,0.03318565489667792,0
2414,0.009421320270979801,0
3410,0.08287532256827349,0
4385,0.03710350553118933,0
1446,0.21484849783424662,1
3927,0.020601397776721528,0
3751,0.3508087825917112,1
3709,0.058682506943183985,0
3057,0.005736600690578211,0
1088,0.21929463774731972,1
3314,0.1924061299354854,1
3165,0.037185899400203094,0
2825,0.01772803761779631,0
1211,0.12645713804318376,1
2496,0.07966427485743945,0
118,0.023876075813317604,0
2039,0.049878976135314834,0
2767,0.0635570177855025,0
1332,0.09411247848812115,0
1910,0.07649267196836898,0
711,0.06465357834164641,0
56,0.03656211563596061,0
1899,0.9719432176524647,1
527,0.08361622043709122,0
4153,0.019978298475367747,0
186,0.5281937641134128,1
2852,0.2267903691908226,1
1395,0.1872347681990879,1
3286,0.004428251250180395,0
1180,0.05523752714448557,0
982,0.011299271274940374,0
280,0.010131391186089933,0
3738,0.010547763020220684,0
4262,0.7523483227141379,1
3465,0.008102999911811098,0
989,0.24636277320197061,1
808,0.057078005716971705,0
4204,0.016894423000167736,0
1421,0.2759563629493511,1
1849,0.025895220597372193,0
749,0.007135341587298251,0
3000,0.016180177640898696,0
1687,0.011146424727549313,0
2451,0.1817767768373835,1
3154,0.11202931851804565,1
123,0.13229396691380713,1
3097,0.01920376211090117,0
2309,0.039178524045020764,0
4224,0.8396024922899382,1
1862,0.570928741062718,1
2349,0.007308172813422672,0
2427,0.09310267118804655,0
801,0.07270894525804149,0
307,0.00283331034911942,0
3509,0.024844005905140052,0
1084,0.009445569842467366,0
2657,0.14069836453821366,1
3356,0.010830042272693801,0
171,0.1456883099405057,1
43,0.030938473034492632,0
3725,0.003678249996917129,0
3105,0.056329903384058196,0
691,0.06268914092417752,0
1344,0.21129268632563958,1
3887,0.1485339665607291,1
4222,0.029885773370774766,0
885,0.012450506027804509,0
4309,0.3117627705570944,1
2799,0.07883998118754826,0
1309,0.2415038059122028,1
2363,0.05837023333676767,0
2667,0.015374778596429483,0
520,0.03747089822851638,0
2987,0.02868440242401732,0
3956,0.5052304913482385,1
3961,0.0887952394600405,0
1122,0.024358179671011854,0
2805,0.04932831713129506,0
4226,0.008025097582291977,0
3739,0.004168952367666302,0
823,0.7895862207653379,1
3384,0.041436735007300045,0
2637,0.07002969099484667,0
2853,0.12156477147666292,1
2697,0.39712796231182906,1
4500,0.04264804396367772,0
2068,0.6649431595242347,1
3641,0.2843737343290516,1
3907,0.052276290041802086,0
1909,0.042783111042125815,0
1754,0.8121863489987634,1
444,0.13590390715047412,1
439,0.10399011462131377,1
380,0.023738168654620806,0
939,0.025503468486405275,0
3526,0.04863069050285521,0
2150,0.10307793631731053,1
3255,0.010990145553066634,0
1087,0.056690456731345665,0
150,0.014251219262901424,0
3684,0.9420440115491087,1
962,0.1759873491657773,1
3208,0.001676579403648838,0
960,0.01576425315871163,0
1715,0.02925473129667885,0
2492,0.024071891881468015,0
668,0.1999911798061346,1
4294,0.01039908992076292,0
3814,0.02808885092289424,0
4241,0.09932584575354295,0
1378,0.01260645917285927,0
94,0.05095590374401033,0
4166,0.007711315450422228,0
365,0.2943298290887085,1
1648,0.029380713832082603,0
1203,0.015224041948409029,0
2357,0.3751292468829117,1
538,0.040279252498148684,0
3178,0.04180965086073035,0
461,0.038786575372500444,0
1389,0.046934932507401196,0
3082,0.030566447897588243,0
2610,0.0427204349065795,0
3245,0.028047560811198854,0
513,0.017586469181198012,0
227,0.11735225502737091,1
3777,0.016236717635120985,0
2379,0.04497557530503318,0
1625,0.03604685161571669,0
1403,0.22366354591918425,1
4147,0.005987470685284745,0
4110,0.12592500581778848,1
3209,0.015834492040513813,0
2722,0.17671534845424502,1
515,0.07690108371931294,0
3499,0.16670794500291675,1
3318,0.644606418082796,1
2322,0.044622374971558146,0
1541,0.023621270942542877,0
253,0.06875342793887768,0
984,0.5345830043146217,1
2877,0.020000034325228663,0
3348,0.17452655291249342,1
1305,0.00161266874409396,0
2128,0.022964732084716742,0
3871,0.01488049387424353,0
3545,0.004909445091814341,0
4026,0.02757079954730248,0
1289,0.014694488550997708,0
612,0.09105156050590656,0
2562,0.27174184912804217,1
4250,0.11476053741231015,1
4175,0.2664788675802386,1
2351,0.017216713853023757,0
2168,0.28248451255391743,1
1366,0.032191378016990076,0
517,0.3865752821517757,1
735,0.09035570198715688,0
523,0.055862428680827136,0
991,0.060415482690278494,0
2337,0.017709843564219223,0
3249,0.014754493609225072,0
3051,0.019799205919897374,0
501,0.015169506224559965,0
1896,0.49268810445435335,1
4098,0.028313212850099544,0
1621,0.023050713524507854,0
3583,0.05240857555463981,0
73,0.016734348062861424,0
17,0.10944874370950833,1
60,0.040597294479690016,0
3926,0.02011586036356823,0
1279,0.612412851328427,1
2093,0.02068255657782692,0
2845,0.2043465450921205,1
850,0.1843296102844603,1
1807,0.09477447976042912,0
1600,0.062249494572285805,0
4386,0.1552009219446579,1
454,0.016195117820927626,0
3488,0.03482807979762581,0
2624,0.009063904862589721,0
1406,0.0386734936062328,0
2491,0.28313172150146887,1
4254,0.07619415765941723,0
625,0.00522049720678869,0
2180,0.03007592469042256,0
856,0.007329896640396515,0
3933,0.06028582034692365,0
2336,0.0482562654373347,0
2223,0.004052130635610134,0
3395,0.01135698882368718,0
4326,0.3712298723565672,1
2243,0.016594565771356228,0
3447,0.020018063195132593,0
3332,0.01908104359478985,0
2481,0.8499610885854716,1
2388,0.03188496023695886,0
4308,0.012323063972939335,0
219,0.05973752884564878,0
2498,0.026145518843414213,0
1290,0.039745015793571224,0
1010,0.13097004313916394,1
3665,0.24244268451918605,1
2071,0.030318461783616996,0
3593,0.2856890911102666,1
789,0.01598305635349864,0
3753,0.03579539587507744,0
1781,0.2811217397708256,1
3460,0.010297189882861466,0
136,0.01579363826915001,0
3909,0.15578090737813627,1
1380,0.016459074000866793,0
862,0.30771047290010445,1
4343,0.012572047473040656,0
4424,0.006789893188783359,0
746,0.030323361091821738,0
4489,0.07718557676429093,0
2532,0.04873970259074423,0
1898,0.06445517471150673,0
3898,0.008047892208188063,0
2051,0.0823410321564234,0
305,0.05008977276971284,0
4466,0.10428100678045005,1
3273,0.05363205137796807,0
3274,0.03431469650558788,0
2289,0.026249565813466217,0
4353,0.05437401010116107,0
4256,0.18935116587719153,1
705,0.16221577965777673,1
3338,0.011550219896809153,0
810,0.04968703803046139,0
2600,0.048944560815635266,0
3858,0.011027596248393437,0
873,0.028182316276043375,0
2616,0.08472573064860865,0
858,0.06651539415808724,0
3095,0.05402547940732755,0
2513,0.004712231556146678,0
2901,0.00902938935891197,0
1756,0.042315909224564206,0
1108,0.11877460847725461,1
464,0.4096624370633051,1
234,0.09979972870158495,0
1306,0.058289676302169004,0
4198,0.0834724380269734,0
2432,0.07188020241945373,0
3174,0.018763792472423994,0
22,0.03390448599741865,0
3546,0.17776070957508483,1
3948,0.12211142298806052,1
4381,0.052180676212513565,0
4131,0.11178837992919811,1
3137,0.022322290108181323,0
2702,0.023572618415069937,0
2160,0.4600102179656741,1
2010,0.11284663546335884,1
3520,0.08691972823040248,0
2070,0.959217461822887,1
908,0.09793143268417141,0
1753,0.021015165121412157,0
4461,0.035316224435508504,0
9,0.03916303375960944,0
3391,0.004921044004360016,0
230,0.05074871830125084,0
3670,0.006763749503863628,0
4092,0.10127369439878738,1
2005,0.0697095107191376,0
1190,0.3222197594790371,1
3905,0.006184355515541707,0
4313,0.012940774241868678,0
4464,0.05418690305134381,0
1080,0.007946436927280122,0
1714,0.008747680285524547,0
3308,0.019402162713012754,0
161,0.01952631820520708,0
3963,0.06094118794445459,0
3938,0.016884667121681955,0
937,0.014633999723089137,0
220,0.036528827641959305,0
3341,0.39930968236034803,1
348,0.004777841175041409,0
4,0.009708534784135884,0
4238,0.15184521931518158,1
4465,0.3784849183159421,1
3292,0.1452858827105406,1
879,0.0030634630553639324,0
3396,0.012348891959955026,0
1675,0.009406555995401075,0
3064,0.14242105267322733,1
2321,0.06569348015912063,0
153,0.08815585511884792,0
53,0.31859251591097265,1
4427,0.04437141351839213,0
3181,0.02593344906027604,0
4320,0.017285276065805703,0
1688,0.026156419691350602,0
20,0.03472951682759002,0
1428,0.03711795429260203,0
654,0.09845308107840095,0
753,0.03555072959619439,0
1923,0.09834631989157469,0
2208,0.026888195793121024,0
3026,0.09549604855510718,0
3785,0.006080399256822295,0
2278,0.054597708506211734,0
1900,0.08522107562268161,0
113,0.03897972386658164,0
2045,0.03462723568852446,0
198,0.1306429696319404,1
1509,0.7695213745334576,1
610,0.02160626588477694,0
1162,0.005925097135417334,0
748,0.02080957088889287,0
766,0.012586996171064773,0
3578,0.012953913764997212,0
2459,0.05619841828157459,0
3856,0.022735675411610548,0
2694,0.36056657217403437,1
3027,0.42561006322056444,1
3521,0.009789788240779636,0
1575,0.0484361759363404,0
3365,0.21117780244150602,1
2153,0.018154457639819235,0
3815,0.03270229139954405,0
3514,0.01443620230737982,0
945,0.04667788768015125,0
2898,0.00882969021599757,0
2445,0.04647171169644829,0
2772,0.5871580085417191,1
1673,0.06568039930155917,0
2075,0.12957358994778698,1
3218,0.02525171227868886,0
3661,0.04615065882513954,0
1572,0.027350352666882332,0
4265,0.6277401557820913,1
4205,0.005318314220988512,0
1581,0.03956479244361623,0
1552,0.35662354312295275,1
835,0.11104359606671625,1
795,0.01965771241985098,0
2139,0.06943147520499696,0
2469,0.03179852744219141,0
4112,0.06507632117064707,0
4155,0.03110869066362185,0
2645,0.15965817261154147,1
3219,0.2777896025573784,1
185,0.019839433879510728,0
3284,0.040319890532317125,0
1684,0.010824390920222393,0
2968,0.9281721140853146,1
3061,0.09976959990785739,0
4020,0.18758973528595027,1
2213,0.43254803773938955,1
3714,0.6178421691227107,1
3863,0.0946790950707903,0
3831,0.07501119069427128,0
1260,0.018350036460860364,0
1780,0.0341902285604517,0
3601,0.0053915832911502525,0
1537,0.06733236149610643,0
1381,0.07877940859495525,0
567,0.0941264495518111,0
1171,0.5572445502968222,1
142,0.009474919311674813,0
3412,0.02333048959158567,0
3888,0.15436567056205058,1
805,0.017265018087876477,0
1149,0.04344491102523183,0
4332,0.436168558023918,1
3537,0.057825600310892115,0
4116,0.02504336250149011,0
2157,0.03002791544632935,0
2440,0.09357004115303728,0
1848,0.08615915534144,0
445,0.0772385097374087,0
998,0.1126333452989393,1
3932,0.14293869174345808,1
2509,0.005509468727185248,0
2763,0.0922541085983682,0
4337,0.6440115098107635,1
1503,0.2242823861177847,1
3942,0.06798505824275018,0
114,0.11599231144379718,1
2849,0.026924584458496943,0
1298,0.21064148712555236,1
3271,0.02095834914289633,0
1986,0.030832293591654077,0
2098,0.33303765841437505,1
1887,0.027789123643401407,0
2774,0.027020743776740994,0
1737,0.01770095279428629,0
3123,0.49590038373692147,1
2930,0.012073792503052414,0
2707,0.03879151127548569,0
1744,0.07576481338887911,0
1207,0.0037988584457812175,0
4403,0.5368296639926909,1
3878,0.014521051177060412,0
1341,0.00675648111953881,0
2890,0.013669726937575361,0
457,0.04307532028573461,0
1045,0.05140614394017147,0
4448,0.007341335899591297,0
2131,0.05623644980770238,0
458,0.04649423659557455,0
1311,0.06573359894221922,0
